,Website,Posted,Area,Minimum_Beds,Maximum_Beds,Minimum_Cost,Maximum_Cost,Average_Cost
0,2,1,0,5,7,925,925,925
1,2,4,0,5,7,1122,1122,1122
2,2,10,0,7,8,1100,1100,1100
3,2,12,0,7,8,795,795,795
4,2,12,0,5,7,795,795,795
5,2,15,0,8,9,1040,1040,1040
6,2,1,0,5,7,925,925,925
7,2,4,0,5,7,1122,1122,1122
8,2,10,0,7,8,1100,1100,1100
9,2,12,0,7,8,795,795,795
10,2,12,0,5,7,795,795,795
11,2,15,0,8,9,1040,1040,1040
12,2,1,0,5,7,925,925,925
13,2,4,0,5,7,1122,1122,1122
14,2,10,0,7,8,1100,1100,1100
15,2,12,0,7,8,795,795,795
16,2,12,0,5,7,795,795,795
17,2,15,0,8,9,1040,1040,1040
18,2,1,0,5,7,925,925,925
19,2,4,0,5,7,1122,1122,1122
20,2,10,0,7,8,1100,1100,1100
21,2,12,0,7,8,795,795,795
22,2,12,0,5,7,795,795,795
23,2,15,0,8,9,1040,1040,1040
24,2,1,0,5,7,925,925,925
25,2,4,0,5,7,1122,1122,1122
26,2,10,0,7,8,1100,1100,1100
27,2,12,0,7,8,795,795,795
28,2,12,0,5,7,795,795,795
29,2,15,0,8,9,1040,1040,1040
30,2,1,0,5,7,925,925,925
31,2,4,0,5,7,1122,1122,1122
32,2,10,0,7,8,1100,1100,1100
33,2,12,0,7,8,795,795,795
34,2,12,0,5,7,795,795,795
35,2,15,0,8,9,1040,1040,1040
36,2,1,0,5,7,925,925,925
37,2,4,0,5,7,1122,1122,1122
38,2,10,0,7,8,1100,1100,1100
39,2,12,0,7,8,795,795,795
40,2,12,0,5,7,795,795,795
41,2,15,0,8,9,1040,1040,1040
42,2,1,0,5,7,925,925,925
43,2,4,0,5,7,1122,1122,1122
44,2,10,0,7,8,1100,1100,1100
45,2,12,0,7,8,795,795,795
46,2,12,0,5,7,795,795,795
47,2,15,0,8,9,1040,1040,1040
48,2,1,0,5,7,925,925,925
49,2,4,0,5,7,1122,1122,1122
50,2,10,0,7,8,1100,1100,1100
51,2,12,0,7,8,795,795,795
52,2,12,0,5,7,795,795,795
53,2,15,0,8,9,1040,1040,1040
54,2,1,0,5,7,925,925,925
55,2,4,0,5,7,1122,1122,1122
56,2,10,0,7,8,1100,1100,1100
57,2,12,0,7,8,795,795,795
58,2,12,0,5,7,795,795,795
59,2,15,0,8,9,1040,1040,1040
60,2,1,0,5,7,925,925,925
61,2,4,0,5,7,1122,1122,1122
62,2,10,0,7,8,1100,1100,1100
63,2,12,0,7,8,795,795,795
64,2,12,0,5,7,795,795,795
65,2,15,0,8,9,1040,1040,1040
66,2,1,0,5,7,925,925,925
67,2,4,0,5,7,1122,1122,1122
68,2,10,0,7,8,1100,1100,1100
69,2,12,0,7,8,795,795,795
70,2,12,0,5,7,795,795,795
71,2,15,0,8,9,1040,1040,1040
72,2,1,0,5,7,925,925,925
73,2,4,0,5,7,1122,1122,1122
74,2,10,0,7,8,1100,1100,1100
75,2,12,0,7,8,795,795,795
76,2,12,0,5,7,795,795,795
77,2,15,0,8,9,1040,1040,1040
78,2,1,0,5,7,925,925,925
79,2,4,0,5,7,1122,1122,1122
80,2,10,0,7,8,1100,1100,1100
81,2,12,0,7,8,795,795,795
82,2,12,0,5,7,795,795,795
83,2,15,0,8,9,1040,1040,1040
84,2,1,0,5,7,925,925,925
85,2,4,0,5,7,1122,1122,1122
86,2,10,0,7,8,1100,1100,1100
87,2,12,0,7,8,795,795,795
88,2,12,0,5,7,795,795,795
89,2,15,0,8,9,1040,1040,1040
90,2,1,0,5,7,925,925,925
91,2,4,0,5,7,1122,1122,1122
92,2,10,0,7,8,1100,1100,1100
93,2,12,0,7,8,795,795,795
94,2,12,0,5,7,795,795,795
95,2,15,0,8,9,1040,1040,1040
96,2,1,0,5,7,925,925,925
97,2,4,0,5,7,1122,1122,1122
98,2,10,0,7,8,1100,1100,1100
99,2,12,0,7,8,795,795,795
100,2,12,0,5,7,795,795,795
101,2,15,0,8,9,1040,1040,1040
102,2,1,0,5,7,925,925,925
103,2,4,0,5,7,1122,1122,1122
104,2,10,0,7,8,1100,1100,1100
105,2,12,0,7,8,795,795,795
106,2,12,0,5,7,795,795,795
107,2,15,0,8,9,1040,1040,1040
108,2,1,0,5,7,925,925,925
109,2,4,0,5,7,1122,1122,1122
110,2,10,0,7,8,1100,1100,1100
111,2,12,0,7,8,795,795,795
112,2,12,0,5,7,795,795,795
113,2,15,0,8,9,1040,1040,1040
114,2,1,0,5,7,925,925,925
115,2,4,0,5,7,1122,1122,1122
116,2,10,0,7,8,1100,1100,1100
117,2,12,0,7,8,795,795,795
118,2,12,0,5,7,795,795,795
119,2,15,0,8,9,1040,1040,1040
120,2,1,0,5,7,925,925,925
121,2,4,0,5,7,1122,1122,1122
122,2,10,0,7,8,1100,1100,1100
123,2,12,0,7,8,795,795,795
124,2,12,0,5,7,795,795,795
125,2,15,0,8,9,1040,1040,1040
126,2,1,0,5,7,925,925,925
127,2,4,0,5,7,1122,1122,1122
128,2,10,0,7,8,1100,1100,1100
129,2,12,0,7,8,795,795,795
130,2,12,0,5,7,795,795,795
131,2,15,0,8,9,1040,1040,1040
132,2,1,0,5,7,925,925,925
133,2,4,0,5,7,1122,1122,1122
134,2,10,0,7,8,1100,1100,1100
135,2,12,0,7,8,795,795,795
136,2,12,0,5,7,795,795,795
137,2,15,0,8,9,1040,1040,1040
138,2,1,0,5,7,925,925,925
139,2,4,0,5,7,1122,1122,1122
140,2,10,0,7,8,1100,1100,1100
141,2,12,0,7,8,795,795,795
142,2,12,0,5,7,795,795,795
143,2,15,0,8,9,1040,1040,1040
144,2,1,0,5,7,925,925,925
145,2,4,0,5,7,1122,1122,1122
146,2,10,0,7,8,1100,1100,1100
147,2,12,0,7,8,795,795,795
148,2,12,0,5,7,795,795,795
149,2,15,0,8,9,1040,1040,1040
150,2,1,0,5,7,925,925,925
151,2,4,0,5,7,1122,1122,1122
152,2,10,0,7,8,1100,1100,1100
153,2,12,0,7,8,795,795,795
154,2,12,0,5,7,795,795,795
155,2,15,0,8,9,1040,1040,1040
156,2,1,0,5,7,925,925,925
157,2,4,0,5,7,1122,1122,1122
158,2,10,0,7,8,1100,1100,1100
159,2,12,0,7,8,795,795,795
160,2,12,0,5,7,795,795,795
161,2,15,0,8,9,1040,1040,1040
162,2,1,0,5,7,925,925,925
163,2,4,0,5,7,1122,1122,1122
164,2,10,0,7,8,1100,1100,1100
165,2,12,0,7,8,795,795,795
166,2,12,0,5,7,795,795,795
167,2,15,0,8,9,1040,1040,1040
168,2,1,0,5,7,925,925,925
169,2,4,0,5,7,1122,1122,1122
170,2,10,0,7,8,1100,1100,1100
171,2,12,0,7,8,795,795,795
172,2,12,0,5,7,795,795,795
173,2,15,0,8,9,1040,1040,1040
174,2,1,0,5,7,925,925,925
175,2,4,0,5,7,1122,1122,1122
176,2,10,0,7,8,1100,1100,1100
177,2,12,0,7,8,795,795,795
178,2,12,0,5,7,795,795,795
179,2,15,0,8,9,1040,1040,1040
180,2,1,0,5,7,925,925,925
181,2,4,0,5,7,1122,1122,1122
182,2,10,0,7,8,1100,1100,1100
183,2,12,0,7,8,795,795,795
184,2,12,0,5,7,795,795,795
185,2,15,0,8,9,1040,1040,1040
186,2,1,0,5,7,925,925,925
187,2,4,0,5,7,1122,1122,1122
188,2,10,0,7,8,1100,1100,1100
189,2,12,0,7,8,795,795,795
190,2,12,0,5,7,795,795,795
191,2,15,0,8,9,1040,1040,1040
192,2,1,0,5,7,925,925,925
193,2,4,0,5,7,1122,1122,1122
194,2,10,0,7,8,1100,1100,1100
195,2,12,0,7,8,795,795,795
196,2,12,0,5,7,795,795,795
197,2,15,0,8,9,1040,1040,1040
198,2,1,0,5,7,925,925,925
199,2,4,0,5,7,1122,1122,1122
200,2,10,0,7,8,1100,1100,1100
201,2,12,0,7,8,795,795,795
202,2,12,0,5,7,795,795,795
203,2,15,0,8,9,1040,1040,1040
204,2,1,0,5,7,925,925,925
205,2,4,0,5,7,1122,1122,1122
206,2,10,0,7,8,1100,1100,1100
207,2,12,0,7,8,795,795,795
208,2,12,0,5,7,795,795,795
209,2,15,0,8,9,1040,1040,1040
210,2,1,0,5,7,925,925,925
211,2,4,0,5,7,1122,1122,1122
212,2,10,0,7,8,1100,1100,1100
213,2,12,0,7,8,795,795,795
214,2,12,0,5,7,795,795,795
215,2,15,0,8,9,1040,1040,1040
216,2,1,0,5,7,925,925,925
217,2,4,0,5,7,1122,1122,1122
218,2,10,0,7,8,1100,1100,1100
219,2,12,0,7,8,795,795,795
220,2,12,0,5,7,795,795,795
221,2,15,0,8,9,1040,1040,1040
222,2,1,0,5,7,925,925,925
223,2,4,0,5,7,1122,1122,1122
224,2,10,0,7,8,1100,1100,1100
225,2,12,0,7,8,795,795,795
226,2,12,0,5,7,795,795,795
227,2,15,0,8,9,1040,1040,1040
228,2,1,0,5,7,925,925,925
229,2,4,0,5,7,1122,1122,1122
230,2,10,0,7,8,1100,1100,1100
231,2,12,0,7,8,795,795,795
232,2,12,0,5,7,795,795,795
233,2,15,0,8,9,1040,1040,1040
234,2,1,0,5,7,925,925,925
235,2,4,0,5,7,1122,1122,1122
236,2,10,0,7,8,1100,1100,1100
237,2,12,0,7,8,795,795,795
238,2,12,0,5,7,795,795,795
239,2,15,0,8,9,1040,1040,1040
240,2,1,0,5,7,925,925,925
241,2,4,0,5,7,1122,1122,1122
242,2,10,0,7,8,1100,1100,1100
243,2,12,0,7,8,795,795,795
244,2,12,0,5,7,795,795,795
245,2,15,0,8,9,1040,1040,1040
246,2,1,0,5,7,925,925,925
247,2,4,0,5,7,1122,1122,1122
248,2,10,0,7,8,1100,1100,1100
249,2,12,0,7,8,795,795,795
250,2,12,0,5,7,795,795,795
251,2,15,0,8,9,1040,1040,1040
252,2,1,0,5,7,925,925,925
253,2,4,0,5,7,1122,1122,1122
254,2,10,0,7,8,1100,1100,1100
255,2,12,0,7,8,795,795,795
256,2,12,0,5,7,795,795,795
257,2,15,0,8,9,1040,1040,1040
258,2,1,0,5,7,925,925,925
259,2,4,0,5,7,1122,1122,1122
260,2,10,0,7,8,1100,1100,1100
261,2,12,0,7,8,795,795,795
262,2,12,0,5,7,795,795,795
263,2,15,0,8,9,1040,1040,1040
264,2,1,0,5,7,925,925,925
265,2,4,0,5,7,1122,1122,1122
266,2,10,0,7,8,1100,1100,1100
267,2,12,0,7,8,795,795,795
268,2,12,0,5,7,795,795,795
269,2,15,0,8,9,1040,1040,1040
270,2,1,0,5,7,925,925,925
271,2,4,0,5,7,1122,1122,1122
272,2,10,0,7,8,1100,1100,1100
273,2,12,0,7,8,795,795,795
274,2,12,0,5,7,795,795,795
275,2,15,0,8,9,1040,1040,1040
276,2,1,0,5,7,925,925,925
277,2,4,0,5,7,1122,1122,1122
278,2,10,0,7,8,1100,1100,1100
279,2,12,0,7,8,795,795,795
280,2,12,0,5,7,795,795,795
281,2,15,0,8,9,1040,1040,1040
282,2,1,0,5,7,925,925,925
283,2,4,0,5,7,1122,1122,1122
284,2,10,0,7,8,1100,1100,1100
285,2,12,0,7,8,795,795,795
286,2,12,0,5,7,795,795,795
287,2,15,0,8,9,1040,1040,1040
288,2,1,0,5,7,925,925,925
289,2,4,0,5,7,1122,1122,1122
290,2,10,0,7,8,1100,1100,1100
291,2,12,0,7,8,795,795,795
292,2,12,0,5,7,795,795,795
293,2,15,0,8,9,1040,1040,1040
294,0,13,0,2,8,1040,1495,1267.5
295,0,11,0,2,9,724,1619,1171.5
296,0,13,0,2,8,980,1515,1247.5
297,0,2,0,8,9,2380,2380,2380
298,0,5,0,2,7,585,665,625
299,0,13,1,2,7,550,981,765.5
300,0,3,0,4,8,1850,2775,2312.5
301,0,8,0,2,7,900,1515,1207.5
302,0,13,0,2,7,590,866,728
303,0,11,0,4,9,749,1319,1034
304,0,11,0,2,9,725,2499,1612
305,0,9,0,2,7,1595,1595,1595
306,0,13,0,2,7,863,1390,1126.5
307,0,9,0,2,8,895,1285,1090
308,0,0,0,4,9,709,925,817
309,0,13,0,2,7,865,1780,1322.5
310,0,0,0,6,9,710,770,740
311,0,0,0,2,8,1150,1950,1550
312,0,0,0,4,9,675,795,735
313,0,7,0,1,4,799,1670,1234.5
314,0,5,0,2,8,510,900,705
315,0,11,0,4,9,340,560,450
316,0,0,1,4,9,475,625,550
317,0,6,1,2,7,870,1015,942.5
318,0,2,1,2,8,550,824,687
319,0,13,0,2,8,1040,1495,1267.5
320,0,11,0,2,9,724,1619,1171.5
321,0,13,0,2,8,980,1515,1247.5
322,0,2,0,8,9,2380,2380,2380
323,0,5,0,2,7,585,665,625
324,0,13,1,2,7,550,981,765.5
325,0,3,0,4,8,1850,2775,2312.5
326,0,8,0,2,7,900,1515,1207.5
327,0,13,0,2,7,590,866,728
328,0,11,0,4,9,749,1319,1034
329,0,11,0,2,9,725,2499,1612
330,0,9,0,2,7,1595,1595,1595
331,0,13,0,2,7,863,1390,1126.5
332,0,9,0,2,8,895,1285,1090
333,0,0,0,4,9,709,925,817
334,0,13,0,2,7,865,1780,1322.5
335,0,0,0,6,9,710,770,740
336,0,0,0,2,8,1150,1950,1550
337,0,0,0,4,9,675,795,735
338,0,7,0,1,4,799,1670,1234.5
339,0,5,0,2,8,510,900,705
340,0,11,0,4,9,340,560,450
341,0,0,1,4,9,475,625,550
342,0,6,1,2,7,870,1015,942.5
343,0,2,1,2,8,550,824,687
344,0,13,0,2,8,1040,1495,1267.5
345,0,11,0,2,9,724,1619,1171.5
346,0,13,0,2,8,980,1515,1247.5
347,0,2,0,8,9,2380,2380,2380
348,0,5,0,2,7,585,665,625
349,0,13,1,2,7,550,981,765.5
350,0,3,0,4,8,1850,2775,2312.5
351,0,8,0,2,7,900,1515,1207.5
352,0,13,0,2,7,590,866,728
353,0,11,0,4,9,749,1319,1034
354,0,11,0,2,9,725,2499,1612
355,0,9,0,2,7,1595,1595,1595
356,0,13,0,2,7,863,1390,1126.5
357,0,9,0,2,8,895,1285,1090
358,0,0,0,4,9,709,925,817
359,0,13,0,2,7,865,1780,1322.5
360,0,0,0,6,9,710,770,740
361,0,0,0,2,8,1150,1950,1550
362,0,0,0,4,9,675,795,735
363,0,7,0,1,4,799,1670,1234.5
364,0,5,0,2,8,510,900,705
365,0,11,0,4,9,340,560,450
366,0,0,1,4,9,475,625,550
367,0,6,1,2,7,870,1015,942.5
368,0,2,1,2,8,550,824,687
369,0,13,0,2,8,1040,1495,1267.5
370,0,11,0,2,9,724,1619,1171.5
371,0,13,0,2,8,980,1515,1247.5
372,0,2,0,8,9,2380,2380,2380
373,0,5,0,2,7,585,665,625
374,0,13,1,2,7,550,981,765.5
375,0,3,0,4,8,1850,2775,2312.5
376,0,8,0,2,7,900,1515,1207.5
377,0,13,0,2,7,590,866,728
378,0,11,0,4,9,749,1319,1034
379,0,11,0,2,9,725,2499,1612
380,0,9,0,2,7,1595,1595,1595
381,0,13,0,2,7,863,1390,1126.5
382,0,9,0,2,8,895,1285,1090
383,0,0,0,4,9,709,925,817
384,0,13,0,2,7,865,1780,1322.5
385,0,0,0,6,9,710,770,740
386,0,0,0,2,8,1150,1950,1550
387,0,0,0,4,9,675,795,735
388,0,7,0,1,4,799,1670,1234.5
389,0,5,0,2,8,510,900,705
390,0,11,0,4,9,340,560,450
391,0,0,1,4,9,475,625,550
392,0,6,1,2,7,870,1015,942.5
393,0,2,1,2,8,550,824,687
394,0,13,0,2,8,1040,1495,1267.5
395,0,11,0,2,9,724,1619,1171.5
396,0,13,0,2,8,980,1515,1247.5
397,0,2,0,8,9,2380,2380,2380
398,0,5,0,2,7,585,665,625
399,0,13,1,2,7,550,981,765.5
400,0,3,0,4,8,1850,2775,2312.5
401,0,8,0,2,7,900,1515,1207.5
402,0,13,0,2,7,590,866,728
403,0,11,0,4,9,749,1319,1034
404,0,11,0,2,9,725,2499,1612
405,0,9,0,2,7,1595,1595,1595
406,0,13,0,2,7,863,1390,1126.5
407,0,9,0,2,8,895,1285,1090
408,0,0,0,4,9,709,925,817
409,0,13,0,2,7,865,1780,1322.5
410,0,0,0,6,9,710,770,740
411,0,0,0,2,8,1150,1950,1550
412,0,0,0,4,9,675,795,735
413,0,7,0,1,4,799,1670,1234.5
414,0,5,0,2,8,510,900,705
415,0,11,0,4,9,340,560,450
416,0,0,1,4,9,475,625,550
417,0,6,1,2,7,870,1015,942.5
418,0,2,1,2,8,550,824,687
419,0,13,0,2,8,1040,1495,1267.5
420,0,11,0,2,9,724,1619,1171.5
421,0,13,0,2,8,980,1515,1247.5
422,0,2,0,8,9,2380,2380,2380
423,0,5,0,2,7,585,665,625
424,0,13,1,2,7,550,981,765.5
425,0,3,0,4,8,1850,2775,2312.5
426,0,8,0,2,7,900,1515,1207.5
427,0,13,0,2,7,590,866,728
428,0,11,0,4,9,749,1319,1034
429,0,11,0,2,9,725,2499,1612
430,0,9,0,2,7,1595,1595,1595
431,0,13,0,2,7,863,1390,1126.5
432,0,9,0,2,8,895,1285,1090
433,0,0,0,4,9,709,925,817
434,0,13,0,2,7,865,1780,1322.5
435,0,0,0,6,9,710,770,740
436,0,0,0,2,8,1150,1950,1550
437,0,0,0,4,9,675,795,735
438,0,7,0,1,4,799,1670,1234.5
439,0,5,0,2,8,510,900,705
440,0,11,0,4,9,340,560,450
441,0,0,1,4,9,475,625,550
442,0,6,1,2,7,870,1015,942.5
443,0,2,1,2,8,550,824,687
444,0,13,0,2,8,1040,1495,1267.5
445,0,11,0,2,9,724,1619,1171.5
446,0,13,0,2,8,980,1515,1247.5
447,0,2,0,8,9,2380,2380,2380
448,0,5,0,2,7,585,665,625
449,0,13,1,2,7,550,981,765.5
450,0,3,0,4,8,1850,2775,2312.5
451,0,8,0,2,7,900,1515,1207.5
452,0,13,0,2,7,590,866,728
453,0,11,0,4,9,749,1319,1034
454,0,11,0,2,9,725,2499,1612
455,0,9,0,2,7,1595,1595,1595
456,0,13,0,2,7,863,1390,1126.5
457,0,9,0,2,8,895,1285,1090
458,0,0,0,4,9,709,925,817
459,0,13,0,2,7,865,1780,1322.5
460,0,0,0,6,9,710,770,740
461,0,0,0,2,8,1150,1950,1550
462,0,0,0,4,9,675,795,735
463,0,7,0,1,4,799,1670,1234.5
464,0,5,0,2,8,510,900,705
465,0,11,0,4,9,340,560,450
466,0,0,1,4,9,475,625,550
467,0,6,1,2,7,870,1015,942.5
468,0,2,1,2,8,550,824,687
469,0,13,0,2,8,1040,1495,1267.5
470,0,11,0,2,9,724,1619,1171.5
471,0,13,0,2,8,980,1515,1247.5
472,0,2,0,8,9,2380,2380,2380
473,0,5,0,2,7,585,665,625
474,0,13,1,2,7,550,981,765.5
475,0,3,0,4,8,1850,2775,2312.5
476,0,8,0,2,7,900,1515,1207.5
477,0,13,0,2,7,590,866,728
478,0,11,0,4,9,749,1319,1034
479,0,11,0,2,9,725,2499,1612
480,0,9,0,2,7,1595,1595,1595
481,0,13,0,2,7,863,1390,1126.5
482,0,9,0,2,8,895,1285,1090
483,0,0,0,4,9,709,925,817
484,0,13,0,2,7,865,1780,1322.5
485,0,0,0,6,9,710,770,740
486,0,0,0,2,8,1150,1950,1550
487,0,0,0,4,9,675,795,735
488,0,7,0,1,4,799,1670,1234.5
489,0,5,0,2,8,510,900,705
490,0,11,0,4,9,340,560,450
491,0,0,1,4,9,475,625,550
492,0,6,1,2,7,870,1015,942.5
493,0,2,1,2,8,550,824,687
494,0,13,0,2,8,1040,1495,1267.5
495,0,11,0,2,9,724,1619,1171.5
496,0,13,0,2,8,980,1515,1247.5
497,0,2,0,8,9,2380,2380,2380
498,0,5,0,2,7,585,665,625
499,0,13,1,2,7,550,981,765.5
500,0,3,0,4,8,1850,2775,2312.5
501,0,8,0,2,7,900,1515,1207.5
502,0,13,0,2,7,590,866,728
503,0,11,0,4,9,749,1319,1034
504,0,11,0,2,9,725,2499,1612
505,0,9,0,2,7,1595,1595,1595
506,0,13,0,2,7,863,1390,1126.5
507,0,9,0,2,8,895,1285,1090
508,0,0,0,4,9,709,925,817
509,0,13,0,2,7,865,1780,1322.5
510,0,0,0,6,9,710,770,740
511,0,0,0,2,8,1150,1950,1550
512,0,0,0,4,9,675,795,735
513,0,7,0,1,4,799,1670,1234.5
514,0,5,0,2,8,510,900,705
515,0,11,0,4,9,340,560,450
516,0,0,1,4,9,475,625,550
517,0,6,1,2,7,870,1015,942.5
518,0,2,1,2,8,550,824,687
519,1,14,0,1,2,395,395,395
520,1,14,0,3,2,985,985,985
521,1,14,0,3,2,590,590,590
522,1,14,0,3,3,980,980,980
523,1,14,0,3,3,875,875,875
524,1,14,0,5,7,1595,1595,1595
525,1,14,0,5,4,1300,1300,1300
526,1,14,0,8,9,1040,1040,1040
527,1,14,0,1,4,709,709,709
528,1,14,0,5,7,935,935,935
529,1,14,0,3,3,625,625,625
530,1,14,0,5,4,1128,1128,1128
531,1,14,0,8,9,1576,1576,1576
532,1,14,0,5,3,1190,1190,1190
533,1,14,0,7,8,1587,1587,1587
534,1,14,0,7,4,1407,1407,1407
535,1,14,0,7,4,1407,1407,1407
536,1,14,0,5,7,968,968,968
537,1,14,0,5,7,948,948,948
538,1,14,0,7,5,1227,1227,1227
539,1,14,0,1,2,395,395,395
540,1,14,0,3,2,985,985,985
541,1,14,0,3,2,590,590,590
542,1,14,0,3,3,980,980,980
543,1,14,0,3,3,875,875,875
544,1,14,0,5,7,1595,1595,1595
545,1,14,0,5,4,1300,1300,1300
546,1,14,0,8,9,1040,1040,1040
547,1,14,0,1,4,709,709,709
548,1,14,0,5,7,935,935,935
549,1,14,0,3,3,625,625,625
550,1,14,0,5,4,1128,1128,1128
551,1,14,0,8,9,1576,1576,1576
552,1,14,0,7,8,1647,1647,1647
553,1,14,0,3,6,550,550,550
554,1,14,0,5,3,1190,1190,1190
555,1,14,0,7,8,1587,1587,1587
556,1,14,0,7,4,1407,1407,1407
557,1,14,0,0,0,584,584,584
558,1,14,0,5,7,1118,1118,1118
559,1,14,0,1,4,709,709,709
560,1,14,0,5,4,1300,1300,1300
561,1,14,0,3,3,625,625,625
562,1,14,0,3,2,590,590,590
563,1,14,0,3,3,980,980,980
564,1,14,0,3,2,985,985,985
565,1,14,0,5,7,1595,1595,1595
566,1,14,0,1,2,395,395,395
567,1,14,0,1,1,735,735,735
568,1,14,0,3,3,875,875,875
569,1,14,0,3,2,1295,1295,1295
570,1,14,0,8,9,1000,1000,1000
571,1,14,0,5,7,1000,1000,1000
572,1,14,0,5,7,850,850,850
573,1,14,0,7,8,950,950,950
574,1,14,0,5,7,855,855,855
575,1,14,0,7,8,950,950,950
576,1,14,0,3,6,610,610,610
577,1,14,0,5,3,1190,1190,1190
578,1,14,0,7,8,1650,1650,1650
579,1,14,0,1,4,709,709,709
580,1,14,0,5,4,1300,1300,1300
581,1,14,0,3,3,625,625,625
582,1,14,0,3,2,590,590,590
583,1,14,0,3,3,980,980,980
584,1,14,0,3,2,985,985,985
585,1,14,0,5,7,1595,1595,1595
586,1,14,0,1,2,395,395,395
587,1,14,0,1,1,735,735,735
588,1,14,0,3,3,875,875,875
589,1,14,0,3,2,1295,1295,1295
590,1,14,0,8,9,1000,1000,1000
591,1,14,0,5,7,1000,1000,1000
592,1,14,0,5,7,850,850,850
593,1,14,0,7,8,950,950,950
594,1,14,0,5,7,855,855,855
595,1,14,0,7,8,950,950,950
596,1,14,0,3,6,610,610,610
597,1,14,0,5,3,1190,1190,1190
598,1,14,0,7,8,1650,1650,1650
599,1,14,0,1,4,709,709,709
600,1,14,0,5,4,1300,1300,1300
601,1,14,0,3,3,625,625,625
602,1,14,0,3,2,590,590,590
603,1,14,0,3,3,980,980,980
604,1,14,0,3,2,985,985,985
605,1,14,0,5,7,1595,1595,1595
606,1,14,0,1,2,395,395,395
607,1,14,0,1,1,735,735,735
608,1,14,0,3,3,875,875,875
609,1,14,0,3,2,1295,1295,1295
610,1,14,0,8,9,1000,1000,1000
611,1,14,0,5,7,1000,1000,1000
612,1,14,0,5,7,850,850,850
613,1,14,0,7,8,950,950,950
614,1,14,0,5,7,855,855,855
615,1,14,0,7,8,950,950,950
616,1,14,0,3,6,610,610,610
617,1,14,0,5,3,1190,1190,1190
618,1,14,0,7,8,1650,1650,1650
619,1,14,0,1,4,709,709,709
620,1,14,0,5,4,1300,1300,1300
621,1,14,0,3,3,625,625,625
622,1,14,0,3,2,590,590,590
623,1,14,0,3,3,980,980,980
624,1,14,0,3,2,985,985,985
625,1,14,0,5,7,1595,1595,1595
626,1,14,0,1,2,395,395,395
627,1,14,0,1,1,735,735,735
628,1,14,0,3,3,875,875,875
629,1,14,0,3,2,1295,1295,1295
630,1,14,0,8,9,1000,1000,1000
631,1,14,0,5,7,1000,1000,1000
632,1,14,0,5,7,850,850,850
633,1,14,0,7,8,950,950,950
634,1,14,0,5,7,855,855,855
635,1,14,0,7,8,950,950,950
636,1,14,0,3,6,610,610,610
637,1,14,0,5,3,1190,1190,1190
638,1,14,0,7,8,1650,1650,1650
639,1,14,0,1,2,395,395,395
640,1,14,0,3,2,985,985,985
641,1,14,0,3,2,590,590,590
642,1,14,0,3,3,980,980,980
643,1,14,0,3,3,875,875,875
644,1,14,0,5,7,1595,1595,1595
645,1,14,0,5,4,1300,1300,1300
646,1,14,0,8,9,1040,1040,1040
647,1,14,0,1,4,709,709,709
648,1,14,0,5,7,935,935,935
649,1,14,0,3,3,625,625,625
650,1,14,0,5,4,1128,1128,1128
651,1,14,0,8,9,1576,1576,1576
652,1,14,0,5,3,1190,1190,1190
653,1,14,0,7,8,1587,1587,1587
654,1,14,0,7,4,1407,1407,1407
655,1,14,0,7,4,1407,1407,1407
656,1,14,0,5,7,968,968,968
657,1,14,0,5,7,948,948,948
658,1,14,0,7,5,1227,1227,1227
659,1,14,0,1,2,395,395,395
660,1,14,0,3,2,985,985,985
661,1,14,0,3,2,590,590,590
662,1,14,0,3,3,980,980,980
663,1,14,0,3,3,875,875,875
664,1,14,0,5,7,1595,1595,1595
665,1,14,0,5,4,1300,1300,1300
666,1,14,0,8,9,1040,1040,1040
667,1,14,0,1,4,709,709,709
668,1,14,0,5,7,935,935,935
669,1,14,0,3,3,625,625,625
670,1,14,0,5,4,1128,1128,1128
671,1,14,0,8,9,1576,1576,1576
672,1,14,0,7,8,1647,1647,1647
673,1,14,0,3,6,550,550,550
674,1,14,0,5,3,1190,1190,1190
675,1,14,0,7,8,1587,1587,1587
676,1,14,0,7,4,1407,1407,1407
677,1,14,0,0,0,584,584,584
678,1,14,0,5,7,1118,1118,1118
679,1,14,0,1,2,395,395,395
680,1,14,0,3,2,985,985,985
681,1,14,0,3,2,590,590,590
682,1,14,0,3,3,980,980,980
683,1,14,0,3,3,875,875,875
684,1,14,0,5,7,1595,1595,1595
685,1,14,0,5,4,1300,1300,1300
686,1,14,0,8,9,1040,1040,1040
687,1,14,0,1,4,709,709,709
688,1,14,0,5,7,935,935,935
689,1,14,0,3,3,625,625,625
690,1,14,0,5,4,1128,1128,1128
691,1,14,0,8,9,1576,1576,1576
692,1,14,0,7,8,1647,1647,1647
693,1,14,0,3,6,550,550,550
694,1,14,0,5,3,1190,1190,1190
695,1,14,0,7,8,1587,1587,1587
696,1,14,0,7,8,1482,1482,1482
697,1,14,0,7,4,1407,1407,1407
698,1,14,0,7,4,1407,1407,1407
699,1,14,0,1,4,709,709,709
700,1,14,0,5,4,1300,1300,1300
701,1,14,0,3,3,625,625,625
702,1,14,0,3,2,590,590,590
703,1,14,0,3,3,980,980,980
704,1,14,0,3,2,985,985,985
705,1,14,0,5,7,1595,1595,1595
706,1,14,0,1,2,395,395,395
707,1,14,0,1,1,735,735,735
708,1,14,0,3,3,875,875,875
709,1,14,0,3,2,1295,1295,1295
710,1,14,0,8,9,1000,1000,1000
711,1,14,0,5,7,1000,1000,1000
712,1,14,0,5,7,850,850,850
713,1,14,0,7,8,950,950,950
714,1,14,0,5,7,855,855,855
715,1,14,0,7,8,950,950,950
716,1,14,0,3,6,610,610,610
717,1,14,0,5,3,1190,1190,1190
718,1,14,0,7,8,1650,1650,1650